Book Id,Title,Author,Author l-f,Additional Authors,ISBN,ISBN13,My Rating,Average Rating,Publisher,Binding,Number of Pages,Year Published,Original Publication Year,Date Read,Date Added,Bookshelves,Bookshelves with positions,Exclusive Shelf,My Review,Spoiler,Private Notes,Read Count,Owned Copies
220195725,Julie Chan Is Dead,Liann Zhang,"Zhang, Liann",,"=""1668067919""","=""9781668067918""",0,3.45,Atria Books,Kindle Edition,320,2025,2025,,2026/01/09,to-read,to-read (#61),to-read,,,,0,0
61442,Colonize This!: Young Women of Color on Today's Feminism (Live Girls),Bushra Rehman,"Rehman, Bushra","Daisy Hernández, Cherríe L. Moraga","=""1580050670""","=""9781580050678""",0,4.20,Seal Press,Paperback,432,2002,2002,,2026/01/09,to-read,to-read (#60),to-read,,,,0,0
60556912,"The Housemaid (The Housemaid, #1)",Freida McFadden,"McFadden, Freida",,"=""1803144378""","=""9781803144375""",0,4.28,Bookouture,Kindle Edition,329,2022,2022,,2025/12/17,,,read,,,,2,0
58350424,Disorientation,Elaine Hsieh Chou,"Chou, Elaine Hsieh",,"=""0593298357""","=""9780593298350""",4,3.82,Penguin Press,Hardcover,403,2022,2022,2025/11/05,2025/09/13,,,read,,,,1,0
238077732,Why the Poor Don't Kill Us,Manu Joseph,"Joseph, Manu",,"=""""","=""""",0,3.60,MIDDLEBROW,Kindle Edition,238,2025,,,2025/10/30,to-read,to-read (#59),to-read,,,,0,0
45046893,Oona Out of Order,Margarita Montimore,"Montimore, Margarita",,"=""1250236606""","=""9781250236609""",0,3.86,Flatiron Books,Hardcover,339,2020,2020,,2025/10/18,to-read,to-read (#58),to-read,,,,0,0
46041199,"Kim Jiyoung, Born 1982",Cho Nam-Joo,"Nam-Joo, Cho",Jamie Chang,"=""1631496700""","=""9781631496707""",3,4.16,Liveright,Hardcover,163,2020,2016,,2025/09/09,,,read,,,,1,0
36739755,Convenience Store Woman,Sayaka Murata,"Murata, Sayaka",Ginny Tapley Takemori,"=""0802128254""","=""9780802128256""",0,3.67,Grove Press,Hardcover,163,2018,2016,,2025/09/02,to-read,to-read (#57),to-read,,,,0,0
199635125,Rejection,Tony Tulathimutte,"Tulathimutte, Tony",,"=""0063337878""","=""9780063337879""",0,3.78,William Morrow,Hardcover,272,2024,2024,,2025/06/30,to-read,to-read (#56),to-read,,,,0,0
40389527,The Woman in the Window,A.J. Finn,"Finn, A.J.",,"=""""","=""""",0,3.94,William Morrow,Kindle Edition,455,2018,2018,2025/06/20,2025/06/20,,,read,,,,1,0
213870083,Show Don't Tell,Curtis Sittenfeld,"Sittenfeld, Curtis",,"=""0593446739""","=""9780593446737""",0,3.90,Random House,Hardcover,320,2025,2025,,2025/06/16,to-read,to-read (#55),to-read,,,,0,0
45046838,"Sigh, Gone: A Misfit's Memoir of Great Books, Punk Rock, and the Fight to Fit In",Phuc  Tran,"Tran, Phuc",,"=""1250194717""","=""9781250194718""",0,4.29,Flatiron Books,Hardcover,320,2020,2020,,2025/05/31,to-read,to-read (#54),to-read,,,,0,0
65502618,Lost on Me,Veronica Raimo,"Raimo, Veronica",Leah Janeczko,"=""0802162045""","=""9780802162045""",3,3.57,"Grove Press, Black Cat",Paperback,224,2023,2022,2025/05/31,2025/04/30,,,read,,,,1,0
231380692,Heart Lamp: Selected Stories,Banu Mushtaq,"Mushtaq, Banu",Deepa Bhasthi,"=""9367902298""","=""9789367902295""",0,3.79,Penguin,Kindle Edition,246,2025,2024,,2025/05/22,to-read,to-read (#53),to-read,,,,0,0
51871688,I Live in the Slums: Stories,Can Xue,"Xue, Can","Karen Gernant, Zeping Chen","=""0300247435""","=""9780300247435""",0,3.23,Yale University Press,Hardcover,344,2020,2020,,2025/04/30,to-read,to-read (#52),to-read,,,,0,0
62929342,Real Americans,Rachel Khong,"Khong, Rachel",,"=""0593537254""","=""9780593537251""",0,3.95,Knopf,Hardcover,416,2024,2024,,2025/04/30,to-read,to-read (#51),to-read,,,,0,0
25489025,The Vegetarian,Han Kang,"Kang, Han",Deborah Smith,"=""0553448188""","=""9780553448184""",3,3.65,Hogarth,Hardcover,158,2016,2007,2025/04/30,2025/04/30,,,read,,,,1,0
195430687,Blue Sisters,Coco Mellors,"Mellors, Coco",,"=""0593723767""","=""9780593723760""",3,3.92,Ballantine Books,Hardcover,352,2024,2024,2025/04/25,2025/04/25,,,read,,,,1,0
173404032,"Slow Noodles: A Cambodian Memoir of Love, Loss, and Family Recipes",Chantha Nguon,"Nguon, Chantha",,"=""1643753495""","=""9781643753492""",0,4.32,Algonquin Books,Hardcover,304,2024,2024,,2025/03/30,to-read,to-read (#50),to-read,,,,0,0
222658339,The Wilderness,Angela Flournoy,"Flournoy, Angela",,"=""0063318776""","=""9780063318779""",0,3.55,Mariner Books,Hardcover,304,2025,2025,,2025/03/30,to-read,to-read (#49),to-read,,,,0,0
59366244,I’m Glad My Mom Died,Jennette McCurdy,"McCurdy, Jennette",,"=""1982185821""","=""9781982185824""",3,4.44,Simon & Schuster,Hardcover,304,2022,2022,2025/03/30,2025/03/30,,,read,,,,1,0
25666051,In the Country We Love: My Family Divided,Diane Guerrero,"Guerrero, Diane",Michelle Burford,"=""1627795278""","=""9781627795272""",0,4.17,Henry Holt and Co.,Hardcover,259,2016,2016,,2025/03/18,to-read,to-read (#48),to-read,,,,0,0
200776812,Butter,Asako Yuzuki,"Yuzuki, Asako",Polly Barton,"=""0063236400""","=""9780063236400""",3,3.45,Ecco,Hardcover,464,2024,2017,,2025/01/28,,,read,,,,5,0
57224204,The Seven Moons of Maali Almeida,Shehan Karunatilaka,"Karunatilaka, Shehan",,"=""1908745908""","=""9781908745903""",0,3.90,Sort of Books,Hardcover,386,2022,2022,,2025/02/23,to-read,to-read (#47),to-read,,,,0,0
213344051,People of Means,Nancy    Johnson,"Johnson, Nancy",,"=""0063157519""","=""9780063157514""",0,4.03,William Morrow,Hardcover,368,2025,2025,,2025/02/12,to-read,to-read (#46),to-read,,,,0,0
199798217,The Lion Women of Tehran,Marjan Kamali,"Kamali, Marjan",,"=""1668036584""","=""9781668036587""",0,4.48,Gallery Books,Hardcover,327,2024,2024,,2025/02/11,to-read,to-read (#45),to-read,,,,0,0
50144,Kitchen,Banana Yoshimoto,"Yoshimoto, Banana","Megan Backus, Noguchi Rika","=""0802142443""","=""9780802142443""",0,3.89,Grove Press,Paperback,160,2006,1988,,2025/02/11,to-read,to-read (#44),to-read,,,,0,0
16235,Sister of My Heart (Anju and Sudha #1),Chitra Banerjee Divakaruni,"Divakaruni, Chitra Banerjee",,"=""038548951X""","=""9780385489515""",0,4.01,Anchor,Paperback,322,2000,2000,,2025/02/10,,,read,,,,1,0
62047984,Yellowface,R.F. Kuang,"Kuang, R.F.",,"=""""","=""""",4,3.73,William Morrow,Paperback,319,2023,2023,2025/02/10,2025/02/10,,,read,,,,1,0
204962337,Broken Threads: My Family From Empire to Independence,Mishal Husain,"Husain, Mishal",,"=""0008531706""","=""9780008531706""",0,4.16,Fourth Estate,Kindle Edition,321,2024,2024,,2025/02/02,to-read,to-read (#43),to-read,,,,0,0
57648017,The Storyteller: Tales of Life and Music,Dave Grohl,"Grohl, Dave",,"=""0063076098""","=""9780063076099""",0,4.43, Dey Street Books ,Hardcover,384,2021,2021,,2025/01/31,,,read,,,,1,0
44182171,My Past Is a Foreign Country,Zeba Talkhani,"Talkhani, Zeba",,"=""1473684064""","=""9781473684065""",3,4.11,Hodder & Stoughton,Hardcover,208,2019,2019,,2020/09/15,,,read,,,,2,0
36396222,The Nine-Chambered Heart,Janice Pariat,"Pariat, Janice",,"=""9352773799""","=""9789352773794""",2,3.50,Fourth Estate India,Hardcover,216,2017,2017,2025/01/28,2025/01/28,,,read,,,,1,0
219521090,Dream Count,Chimamanda Ngozi Adichie,"Adichie, Chimamanda Ngozi",,"=""059380273X""","=""9780593802731""",0,3.80,Knopf,Kindle Edition,474,2025,2025,,2025/01/27,to-read,to-read (#42),to-read,,,,0,0
15195,The Complete Maus,Art Spiegelman,"Spiegelman, Art",,"=""0141014083""","=""9780141014081""",5,4.58,Penguin Books,Paperback,296,2003,1980,,2025/01/27,,,read,,,,1,0
472331,Watchmen,Alan             Moore,"Moore, Alan","Dave Gibbons, John    Higgins","=""0930289234""","=""9780930289232""",0,4.39,DC Comics,Paperback,416,2005,1987,,2025/01/27,currently-reading,currently-reading (#3),currently-reading,,,,1,0
24728470,M Train,Patti Smith,"Smith, Patti",,"=""1101875100""","=""9781101875100""",0,4.02,Knopf,Hardcover,256,2015,2015,,2025/01/26,to-read,to-read (#41),to-read,,,,0,0
206318521,Just Kids,Patti Smith,"Smith, Patti",,"=""006621131X""","=""9780066211312""",0,4.21,Ecco,Hardcover,262,2010,2010,,2025/01/26,to-read,to-read (#40),to-read,,,,0,0
54814676,Crying in H Mart,Michelle Zauner,"Zauner, Michelle",,"=""0525657746""","=""9780525657743""",5,4.23,Knopf,Hardcover,256,2021,2021,2025/01/26,2025/01/26,,,read,,,,1,0
60916169,Independence,Chitra Banerjee Divakaruni,"Divakaruni, Chitra Banerjee",,"=""0063142384""","=""9780063142381""",5,4.11,William Morrow,Hardcover,288,2023,2023,2024/09/13,2024/09/13,,,read,,,,1,0
62193872,The Education of Yuri,Jerry Pinto,"Pinto, Jerry",,"=""9354472680""","=""9789354472688""",0,4.13,Speaking Tiger,Paperback,408,2022,,,2024/08/01,to-read,to-read (#39),to-read,,,,0,0
199927687,The Lucky Ones,Zara Chowdhary,"Chowdhary, Zara",,"=""0593727436""","=""9780593727430""",0,4.37,Crown,Hardcover,320,2024,2024,,2024/08/01,to-read,to-read (#38),to-read,,,,0,0
36692478,There There,Tommy Orange,"Orange, Tommy",,"=""""","=""""",5,3.97,Knopf,Hardcover,294,2018,2018,,2020/09/17,,,read,,,,2,0
124948662,"A Man of Two Faces: A Memoir, a History, a Memorial",Viet Thanh Nguyen,"Nguyen, Viet Thanh",,"=""0802160506""","=""9780802160508""",0,4.32,Grove Press,Hardcover,400,2023,2023,,2024/05/17,to-read,to-read (#37),to-read,,,,0,0
16130537,The Humans,Matt Haig,"Haig, Matt",,"=""1476727910""","=""9781476727912""",0,4.07,Simon & Schuster,Hardcover,285,2013,2013,,2024/05/17,to-read,to-read (#36),to-read,,,,0,0
15196,"Maus I: A Survivor's Tale: My Father Bleeds History (Maus, #1)",Art Spiegelman,"Spiegelman, Art",,"=""0394541553""","=""9780394541556""",4,4.39,Pantheon Books,Hardcover,159,1991,1986,2024/05/15,2024/05/13,,,read,,,,1,0
19661,Family Matters,Rohinton Mistry,"Mistry, Rohinton",,"=""037570342X""","=""9780375703423""",0,4.03,Vintage Books,Paperback,434,2003,2002,2024/05/04,2024/04/23,,,read,,,,1,0
33472,"The Contract With God Trilogy: Life on Dropsie Avenue (The Contract With God Trilogy, #1-3)",Will Eisner,"Eisner, Will",,"=""""","=""""",0,4.24,W.W. Norton & Company,Hardcover,498,2005,2005,,2024/04/24,to-read,to-read (#35),to-read,,,,0,0
133938826,Welcome to the Hyunam-Dong Bookshop,Hwang Bo-Reum,"Bo-Reum, Hwang",Shanna Tan,"=""""","=""""",0,3.89,Bloomsbury Publishing,Hardcover,307,2024,2022,,2024/04/23,to-read,to-read (#34),to-read,,,,0,0
35133922,Educated,Tara Westover,"Westover, Tara",,"=""0399590501""","=""9780399590504""",4,4.47,Random House,Hardcover,352,2018,2018,2024/04/23,2024/02/03,,,read,,,,1,0
205701511,Nine Yard Sarees: A Short Story Cycle,Prasanthi Ram,"Ram, Prasanthi",,"=""9811860351""","=""9789811860355""",4,4.40,Ethos Books,Paperback,272,2023,,,2024/04/23,,,read,,,,1,0
20518872,"The Three-Body Problem (Remembrance of Earth’s Past, #1)",Liu Cixin,"Cixin, Liu",Ken Liu,"=""""","=""""",0,4.08,Tor Books,Hardcover,472,2014,2006,,2024/04/23,to-read,to-read (#33),to-read,,,,0,0
25733573,Reasons to Stay Alive,Matt Haig,"Haig, Matt",,"=""0143128728""","=""9780143128724""",0,4.06,Penguin Life,Paperback,256,2016,2015,,2024/04/11,to-read,to-read (#32),to-read,,,,0,0
29044,The Secret History,Donna Tartt,"Tartt, Donna",,"=""1400031702""","=""9781400031702""",0,4.15,Vintage Books,Paperback,559,2004,1992,,2024/02/25,to-read,to-read (#31),to-read,,,,0,0
51792100,A Burning,Megha Majumdar,"Majumdar, Megha",,"=""0525658696""","=""9780525658696""",0,3.72,Knopf Publishing Group,Hardcover,304,2020,2020,,2024/02/03,,,read,,,,1,0
43276213,Version Zero,David  Yoon,"Yoon, David",,"=""0593190351""","=""9780593190357""",2,3.35,G.P. Putnam's Sons,Hardcover,368,2021,2021,2023/07/17,2022/05/04,,,read,,,,1,0
52578297,"The Midnight Library (The Midnight World, #1)",Matt Haig,"Haig, Matt",,"=""0525559477""","=""9780525559474""",5,3.98,Viking,Hardcover,288,2020,2020,,2023/07/17,,,read,,,,1,0
991197,The Complete Persepolis,Marjane Satrapi,"Satrapi, Marjane",,"=""0375714839""","=""9780375714832""",5,4.40,Pantheon Books,Paperback,341,2007,2007,2022/06/29,2022/06/29,,,read,,,,1,0
8686068,"The Devotion of Suspect X (Detective Galileo, #1)",Keigo Higashino,"Higashino, Keigo","Alexander O. Smith, Elye J. Alexander","=""0312375069""","=""9780312375065""",3,4.17,Minotaur Books,Hardcover,298,2011,2005,2022/05/04,2022/04/20,,,read,,,,1,0
28257707,The Subtle Art of Not Giving a F*ck: A Counterintuitive Approach to Living a Good Life,Mark Manson,"Manson, Mark",,"=""""","=""9798804636129""",4,3.87,Harper,Paperback,212,2016,2016,,2022/04/20,,,read,,,,1,0
13547241,Unorthodox: The Scandalous Rejection of My Hasidic Roots,Deborah Feldman,"Feldman, Deborah",,"=""1439187010""","=""9781439187012""",3,4.00,Simon & Schuster,Paperback,262,2012,2012,2022/04/04,2022/03/22,,,read,,,,1,0
15796700,Americanah,Chimamanda Ngozi Adichie,"Adichie, Chimamanda Ngozi",Jashar Awan,"=""""","=""""",0,4.31,Alfred A. Knopf,Hardcover,477,2013,2013,2022/03/20,2022/02/23,,,read,,,,1,0
9777,The God of Small Things,Arundhati Roy,"Roy, Arundhati",,"=""0679457313""","=""9780679457312""",4,3.96,Random House,Paperback,321,1997,1997,,2022/02/16,,,read,,,,1,0
38746485,Becoming,Michelle Obama,"Obama, Michelle",,"=""1524763136""","=""9781524763138""",5,4.44,Crown,Hardcover,448,2018,2018,,2021/11/23,,,read,,,,1,0
11330361,A Stolen Life,Jaycee Dugard,"Dugard, Jaycee",,"=""1451629184""","=""9781451629187""",0,3.97,Simon & Schuster,Hardcover,273,2011,2011,,2021/11/23,,,read,,,,1,0
20578810,While the Gods Were Sleeping,Elizabeth Enslin,"Enslin, Elizabeth",,"=""1580055443""","=""9781580055444""",4,3.57,Seal Press,Paperback,309,2014,2014,,2021/10/12,,,read,,,,1,0
22738563,We Should All Be Feminists,Chimamanda Ngozi Adichie,"Adichie, Chimamanda Ngozi",,"=""""","=""""",4,4.39,Vintage,Kindle Edition,52,2014,2012,,2021/10/07,,,read,,,,1,0
34313931,A Woman Is No Man,Etaf Rum,"Rum, Etaf",,"=""0062699768""","=""9780062699763""",0,4.26,Harper,Hardcover,339,2019,2019,,2021/10/06,,,read,,,,1,0
52838315,Greenlights,Matthew McConaughey,"McConaughey, Matthew",,"=""0593139135""","=""9780593139134""",0,4.20,Crown,Hardcover,289,2020,2020,,2021/09/30,,,read,,,,1,0
13214,"I Know Why the Caged Bird Sings (Maya Angelou's Autobiography, #1)",Maya Angelou,"Angelou, Maya",,"=""0553279378""","=""9780553279375""",4,4.30,Bantam Books,Paperback,289,1993,1969,2021/03/19,2020/12/01,,,read,,,,1,0
43782398,"Here We Are: American Dreams, American Nightmares",Aarti Namdev Shahani,"Shahani, Aarti Namdev",,"=""""","=""""",0,4.26,Celadon Books,Hardcover,245,2019,2019,,2021/01/11,to-read,to-read (#30),to-read,,,,0,0
50979410,Prelude to a Riot,Annie Zaidi,"Zaidi, Annie",,"=""9388292812""","=""9789388292818""",0,3.97,Aleph Book Company,Hardcover,184,2019,,,2021/01/07,to-read,to-read (#29),to-read,,,,0,0
37976541,Bad Blood: Secrets and Lies in a Silicon Valley Startup,John Carreyrou,"Carreyrou, John",,"=""""","=""""",0,4.40,Knopf,Hardcover,339,2018,2018,,2021/01/07,to-read,to-read (#28),to-read,,,,0,0
41081373,"Girl, Woman, Other",Bernardine Evaristo,"Evaristo, Bernardine",,"=""0241364906""","=""9780241364901""",0,4.26,Hamish Hamilton,Kindle Edition,453,2019,2019,,2021/01/07,to-read,to-read (#27),to-read,,,,0,0
1202,Freakonomics: A Rogue Economist Explores the Hidden Side of Everything,Steven D. Levitt,"Levitt, Steven D.",Stephen J. Dubner,"=""0061234001""","=""9780061234002""",0,4.01,William Morrow,Hardcover,268,2006,2005,,2021/01/04,to-read,to-read (#26),to-read,,,,0,0
40630,How Europe Underdeveloped Africa,Walter Rodney,"Rodney, Walter",Vincent Harding,"=""0882580965""","=""9780882580968""",0,4.42,Howard Univ Pr,Paperback,312,1981,1971,,2021/01/04,to-read,to-read (#25),to-read,,,,0,0
42512831,The Indigo Story: Inside the Upstart that Redefined Indian Aviation,Shelley Vishwajeet,"Vishwajeet, Shelley",,"=""9353043557""","=""9789353043551""",0,3.61,Rupa Publications India,Hardcover,179,2018,,,2021/01/03,to-read,to-read (#24),to-read,,,,0,0
46223297,Permanent Record,Edward Snowden,"Snowden, Edward",,"=""1250237238""","=""9781250237231""",0,4.30,Metropolitan Books,Hardcover,339,2019,2019,,2021/01/03,to-read,to-read (#23),to-read,,,,0,0
35959740,Circe,Madeline Miller,"Miller, Madeline",,"=""0316556343""","=""9780316556347""",2,4.22,"Little, Brown and Company",Hardcover,393,2018,2018,2021/01/03,2020/12/11,,,read,,,,1,0
1808778,Smash and Grab: Annexation of Sikkim,Sunanda K. Datta-Ray,"Datta-Ray, Sunanda K.",,"=""0706925092""","=""9780706925098""",0,3.91,Tranquebar,Hardcover,433,2013,1984,,2020/12/21,to-read,to-read (#22),to-read,,,,0,0
34466963,Why We Sleep: Unlocking the Power of Sleep and Dreams,Matthew Walker,"Walker, Matthew",,"=""""","=""""",0,4.37,Scribner,Hardcover,368,2017,2017,,2020/12/21,to-read,to-read (#21),to-read,,,,0,0
18404128,Hiroshima Nagasaki: The Real Story of the Atomic Bombings and Their Aftermath,Paul Ham,"Ham, Paul",,"=""1250047110""","=""9781250047113""",0,4.35,Thomas Dunne Books,Hardcover,640,2014,2011,,2020/12/21,to-read,to-read (#20),to-read,,,,0,0
38743564,"Billion Dollar Whale: The Man Who Fooled Wall Street, Hollywood, and the World",Tom         Wright,"Wright, Tom",Bradley Hope,"=""031643650X""","=""9780316436502""",0,4.07,Hachette Books,Hardcover,400,2018,2018,,2020/12/02,to-read,to-read (#19),to-read,,,,0,0
33600,Shantaram,Gregory David Roberts,"Roberts, Gregory David",,"=""192076920X""","=""9781920769208""",4,4.28,Scribe,Paperback,936,2004,2003,,2020/07/15,,,read,,,,3,0
34051011,Pachinko,Min Jin Lee,"Lee, Min Jin",,"=""""","=""""",3,4.34,Grand Central Publishing,Kindle Edition,496,2017,2017,,2020/10/20,,,read,,,,1,0
27071490,Homegoing,Yaa Gyasi,"Gyasi, Yaa",,"=""""","=""""",4,4.47,Alfred A. Knopf,Hardcover,305,2016,2016,,2020/09/15,,,read,,,,1,0
40727626,Free Food for Millionaires,Min Jin Lee,"Lee, Min Jin",,"=""""","=""""",0,3.85,Grand Central Publishing,Kindle Edition,577,2007,2007,,2020/10/20,to-read,to-read (#18),to-read,,,,0,0
51152447,Caste: The Origins of Our Discontents,Isabel Wilkerson,"Wilkerson, Isabel",,"=""0593230256""","=""9780593230251""",0,4.52,Random House,Hardcover,544,2020,2020,,2020/10/16,to-read,to-read (#17),to-read,,,,0,0
51791252,The Vanishing Half,Brit Bennett,"Bennett, Brit",,"=""0525536299""","=""9780525536291""",0,4.12,Riverhead Books,Hardcover,343,2020,2020,,2020/09/20,to-read,to-read (#16),to-read,,,,0,0
9516,"Persepolis: The Story of a Childhood (Persepolis, #1)",Marjane Satrapi,"Satrapi, Marjane",Mattias Ripa,"=""037571457X""","=""9780375714573""",0,4.27,Pantheon,Paperback,153,2004,2003,,2020/09/17,to-read,to-read (#15),to-read,,,,0,0
25899336,When Breath Becomes Air,Paul Kalanithi,"Kalanithi, Paul",Abraham   Verghese,"=""0812988418""","=""9780812988413""",5,4.41,Random House,Kindle Edition,208,2016,2016,,2020/09/16,,,read,,,,1,0
41880609,On Earth We're Briefly Gorgeous,Ocean Vuong,"Vuong, Ocean",,"=""0525562028""","=""9780525562023""",0,4.01,Penguin Press,Hardcover,246,2019,2019,,2020/09/15,to-read,to-read (#14),to-read,,,,0,0
42925495,Milk Teeth,Amrita Mahale,"Mahale, Amrita",,"=""9387894320""","=""9789387894327""",0,3.78,Westland Publications,Paperback,311,2018,2018,,2020/09/15,to-read,to-read (#13),to-read,,,,0,0
30267604,Ghachar Ghochar,Vivek Shanbhag,"Shanbhag, Vivek",Srinath Perur,"=""014311168X""","=""9780143111689""",0,3.88,Penguin Books,Paperback,118,2017,2013,,2020/07/15,to-read,to-read (#12),to-read,,,,0,0
4929,Kafka on the Shore,Haruki Murakami,"Murakami, Haruki",Philip Gabriel,"=""""","=""""",0,4.12,Vintage International,Paperback,467,2006,2002,,2020/07/15,currently-reading,currently-reading (#2),currently-reading,,,,1,0
10735428,Mafia Queens of Mumbai: Women Who Ruled the Ganglands,S. Hussain Zaidi,"Zaidi, S. Hussain",Jane Borges,"=""9380283776""","=""9789380283777""",0,3.82,Tranquebar Press,Paperback,290,2011,2011,,2020/07/15,,,read,,,,1,0
20576259,Byculla to Bangkok,S. Hussain Zaidi,"Zaidi, S. Hussain",,"=""9351362256""","=""9789351362258""",0,3.79,HarperCollins,Paperback,277,2014,2014,,2020/07/15,,,read,,,,1,0
4364,Maximum City: Bombay Lost and Found,Suketu Mehta,"Mehta, Suketu",,"=""0375703403""","=""9780375703409""",3,3.95,Vintage,Paperback,542,2005,2004,,2020/07/15,,,read,,,,1,0
19288239,Colorless Tsukuru Tazaki and His Years of Pilgrimage,Haruki Murakami,"Murakami, Haruki",Philip Gabriel,"=""0385352107""","=""9780385352109""",2,3.87,Alfred A. Knopf,Hardcover,386,2014,2013,,2020/06/15,,,read,,,,1,0
30845,India: From Midnight to the Millennium and Beyond,Shashi Tharoor,"Tharoor, Shashi",,"=""1559708034""","=""9781559708036""",4,3.82,Arcade Publishing,Paperback,420,2006,1997,2020/06/15,2018/12/10,,,read,,,,1,0
35218297,Broken Republic,Arundhati Roy,"Roy, Arundhati",,"=""""","=""""",0,4.07,Penguin,Kindle Edition,188,2013,2011,,2018/12/10,to-read,to-read (#10),to-read,,,,0,0
11297,Norwegian Wood,Haruki Murakami,"Murakami, Haruki",Jay Rubin,"=""""","=""""",4,3.99,Vintage Books,Paperback,296,2000,1987,2019/01/03,2018/12/10,,,read,,,,1,0
6851,"Mayada, Daughter of Iraq: One Woman's Survival Under Saddam Hussein",Jean Sasson,"Sasson, Jean",,"=""0451212924""","=""9780451212924""",0,4.04,Penguin Publishing Group,Paperback,360,2004,1995,,2018/12/18,,,read,,,,1,0
613283,Princess: A True Story of Life Behind the Veil in Saudi Arabia,Jean Sasson,"Sasson, Jean",,"=""0967673747""","=""9780967673745""",3,4.04,Windsor-brooke Books,Paperback,296,2001,1993,,2018/12/18,,,read,,,,1,0
36076501,The Girl Who Smiled Beads: A Story of War and What Comes After,Clemantine Wamariya,"Wamariya, Clemantine",Elizabeth Weil,"=""0385687001""","=""9780385687003""",0,4.19,Doubleday Canada,Hardcover,275,2018,2018,,2018/12/15,to-read,to-read (#11),to-read,,,,0,0
39988,Matilda,Roald Dahl,"Dahl, Roald",Quentin Blake,"=""043512398X""","=""9780435123987""",0,4.33,New Windmills,Hardcover,240,1992,1988,,2018/12/10,,,read,,,,1,0
6310,"Charlie and the Chocolate Factory (Charlie Bucket, #1)",Roald Dahl,"Dahl, Roald",Quentin Blake,"=""0142403881""","=""9780142403884""",0,4.17,Puffin Books,Paperback,176,2005,1964,,2018/12/10,,,read,,,,1,0
6330,The Best of Roald Dahl,Roald Dahl,"Dahl, Roald",,"=""0679729917""","=""9780679729914""",0,4.38,Vintage Books,Paperback,520,1990,1978,,2018/12/10,,,read,,,,1,0
29780253,Born a Crime: Stories from a South African Childhood,Trevor Noah,"Noah, Trevor",,"=""0385689225""","=""9780385689229""",5,4.49,Doubleday Canada,Hardcover,289,2016,2016,,2018/12/10,,,read,,,,1,0
17860372,A House in the Sky: A Memoir,Amanda Lindhout,"Lindhout, Amanda",Sara Corbett,"=""1442367490""","=""9781442367494""",0,4.28,Simon  Schuster Audio,Audiobook,14,2013,2013,,2018/12/07,to-read,to-read (#9),to-read,,,,0,0
30842,Riot,Shashi Tharoor,"Tharoor, Shashi",,"=""0143030906""","=""9780143030904""",3,3.76,Penguin Books,Paperback,272,2003,2001,,2018/12/07,,,read,,,,1,0
596027,"The Cult at the End of the World: The Terrifying Story of the Aum Doomsday Cult, from the Subways of Tokyo to the Nuclear Arsenals of Russia",David E. Kaplan,"Kaplan, David E.",Andrew   Marshall,"=""0517705435""","=""9780517705438""",0,3.92,Crown,Hardcover,310,1996,1996,,2018/09/02,to-read,to-read (#8),to-read,,,,0,0
168760,Shockwave: Countdown to Hiroshima – The Dramatic True Story of the Atomic Bombing that Ended WWII and Defined the 20th Century,Stephen Walker,"Walker, Stephen",,"=""0060742852""","=""9780060742850""",0,4.43,Harper Perennial,Paperback,400,2006,2005,,2018/09/02,to-read,to-read (#7),to-read,,,,0,0
25578942,"Passport to Hiroshima: The Unthinkable, Inspiring Journey of a Japanese-American Family - Based on a True Story",Toshiharu Kano,"Kano, Toshiharu",Rita Kano,"=""1511992301""","=""9781511992305""",0,4.25,Createspace,Paperback,374,2015,2015,,2018/09/02,to-read,to-read (#6),to-read,,,,0,0
31685789,Room,Emma Donoghue,"Donoghue, Emma",,"=""""","=""""",4,4.08,"Little, Brown and Company",Kindle Edition,321,2010,2010,,2018/08/28,,,read,,,,1,0
1149440,Heavier Than Heaven: A Biography of Kurt Cobain,Charles R. Cross,"Cross, Charles R.",,"=""0786865059""","=""9780786865055""",0,4.12,Hyperion,Hardcover,381,2001,2001,,2018/08/28,to-read,to-read (#5),to-read,,,,0,0
104961,Come As You Are: The Story of Nirvana,Michael Azerrad,"Azerrad, Michael",,"=""0385471998""","=""9780385471992""",0,4.07,Crown,Paperback,355,1993,1993,,2018/08/28,to-read,to-read (#4),to-read,,,,0,0
16115612,And the Mountains Echoed,Khaled Hosseini,"Hosseini, Khaled",,"=""159463176X""","=""9781594631764""",0,4.08,Riverhead Books,Hardcover,404,2013,2012,,2018/08/28,,,read,,,,1,0
77203,The Kite Runner,Khaled Hosseini,"Hosseini, Khaled",,"=""159463193X""","=""9781594631931""",0,4.36,Riverhead Books,Paperback,371,2004,2003,,2014/04/07,,,read,,,,1,0
128029,A Thousand Splendid Suns,Khaled Hosseini,"Hosseini, Khaled",,"=""1594489505""","=""9781594489501""",4,4.45,Riverhead Books,Hardcover,372,2007,2007,,2018/08/28,,,read,,,,1,0
40961427,1984,George Orwell,"Orwell, George",,"=""""","=""""",0,4.20,Houghton Mifflin Harcourt,ebook,298,2013,1949,,2018/08/28,currently-reading,currently-reading (#1),currently-reading,,,,1,0
75703,"English, August: An Indian Story",Upamanyu Chatterjee,"Chatterjee, Upamanyu",Akhil Sharma,"=""1590171799""","=""9781590171790""",4,3.78,New York Review of Books,Paperback,326,2006,1988,,2018/08/28,,,read,,,,1,0
12384322,Narcopolis,Jeet Thayil,"Thayil, Jeet",,"=""0571275761""","=""9780571275762""",0,3.44,Faber & Faber,Paperback,292,2012,2012,,2018/08/26,to-read,to-read (#3),to-read,,,,0,0
4865,How to Win Friends & Influence People,Dale Carnegie,"Carnegie, Dale",,"=""""","=""""",0,4.22,Gallery Books,Paperback,288,1998,1936,,2014/04/14,,,read,,,,1,0
6043946,The 50th Law: Overcoming Adversity Through Fearlessness,Curtis '50 Cent' Jackson,"Jackson, Curtis '50 Cent'",Robert Greene,"=""006177460X""","=""9780061774607""",5,4.17,HarperStudio,Imitation Leather,291,2009,2008,,2014/04/07,,,read,,,,1,0
801178,Chicken Soup for the Soul,Jack Canfield,"Canfield, Jack","Mark Viktor Hansen, Mark Victor Hansen, Amy Newmark","=""1558749209""","=""9781558749207""",4,3.96,Hci,Paperback,428,2001,1993,,2014/04/07,,,read,,,,1,0
71728,Jonathan Livingston Seagull,Richard Bach,"Bach, Richard",Russell Munson,"=""0743278909""","=""9780743278904""",5,3.86,Scribner,Paperback,112,2006,1970,,2014/04/07,,,read,,,,1,0
52529,"The Secret (The Secret, #1)",Rhonda Byrne,"Byrne, Rhonda",,"=""""","=""""",4,3.74,Atria Books/Beyond Words,Hardcover,199,2006,2006,,2014/04/07,,,read,,,,1,0
242472,The Black Swan: The Impact of the Highly Improbable,Nassim Nicholas Taleb,"Taleb, Nassim Nicholas",,"=""1400063515""","=""9781400063512""",0,3.96,Random House ,Hardcover,480,2007,2007,,2014/04/07,to-read,to-read (#2),to-read,,,,0,0
2318271,The Last Lecture,Randy Pausch,"Pausch, Randy",Jeffrey Zaslow,"=""1401323251""","=""9781401323257""",0,4.26,Hachette Books,Hardcover,206,2008,2008,,2014/04/07,to-read,to-read (#1),to-read,,,,0,0
48855,The Diary of a Young Girl,Anne Frank,"Frank, Anne","Eleanor Roosevelt, Susan Massotty, Γιάννης Θωμόπουλος, Barbara Mooyaart-Doubleday, Otto H. Frank, Mirjam Pressler","=""""","=""""",3,4.20,Bantam,Mass Market Paperback,283,1993,1947,,2014/04/07,,,read,,,,1,0
